status,total_orders,total_amount,avg_amount
cancelled,10886,1574698.2,144.6535182803601
completed,86524,12591528.16,145.52642226434284
pending,22590,3277026.13,145.06534440017705
