customer_tier,total_orders,total_amount,avg_amount
bronze,50392,7332058.73,145.5004510636609
gold,24069,3496116.85,145.25393036686194
platinum,8418,1222576.92,145.2336564504633
silver,37121,5392499.99,145.26817677325505
