metric,value
total_orders,120000.0
total_amount,17443252.490000002
avg_order_amount,145.36043741666668
distinct_customers,44707.0
completed_rate,0.7210333333333333
