status,total_orders,total_amount,avg_amount
completed,24456,2642209.78,108.03932695453058
pending,7100,761946.56,107.31641690140846
cancelled,3444,376168.14,109.22419860627178
